"Title, Link, Date"
Student Interview: Jennifer + Luke on Company Projects,/blog/student-interview-jennifer-luke,2019-11-07
React Hooks! - An Introduction,/blog/react-hooks-intro,2019-10-22
An Introduction to GraphQL - Queries,/blog/an-introduction-to-graphql-queries,2019-10-15
Alumni Spotlight: Sandy Cao,/blog/alumni-spotlight-sandy,2019-10-10
Student Interview: Pair Programming And Company Projects,/blog/student-interview-pair-programming-and-company-projects,2019-09-03
Getting Acquainted With A Production Code Base,/blog/getting-up-to-speed-on-a-production-code-base,2019-06-18
"Staff Spotlight - Zach DeRossette, Career Coach",/blog/staff-spotlight-zach-derossette,2019-05-22
Student Interview: Lena Ryoo on Company Projects,/blog/student-interview-lena-ryoo,2019-05-15
Debugging Like a Scientist,/blog/debugging-like-a-scientist,2019-04-29
The Benefits of Code Reviews,/blog/benefits-of-code-reviews,2019-03-29
